{
	"credit": "Made with Blockbench",
	"textures": {
		"2": "AK/th2",
		"5": "AK/metal",
		"6": "AK/magazin2",
		"7": "rgbsheet1",
		"8": "AK/mag",
		"particle": "AK/metal"
	},
	"elements": [
		{
			"from": [13.4375, 9.625, 4.125],
			"to": [14.375, 11.6375, 4.7],
			"rotation": {"angle": 22.5, "axis": "z", "origin": [13.4375, 11.5625, 3.875]},
			"faces": {
				"north": {"uv": [4.375, 0, 7.40625, 11.375], "texture": "#2"},
				"east": {"uv": [4.15625, 0.25, 7.84375, 11.1875], "texture": "#2"},
				"south": {"uv": [4.15625, 0, 7.1875, 11.25], "texture": "#2"},
				"west": {"uv": [4.09375, 0, 7.78125, 11.15625], "texture": "#2"},
				"up": {"uv": [8, 8, 16, 12], "texture": "#2"},
				"down": {"uv": [3.46875, 12, 11.46875, 16], "texture": "#2"}
			}
		},
		{
			"from": [13.2875, 11.5875, 4.1],
			"to": [14.55, 11.65, 4.725],
			"rotation": {"angle": 0, "axis": "y", "origin": [0, 0, 0.125]},
			"faces": {
				"north": {"uv": [4.15625, 0, 12.15625, 1.09375], "texture": "#2"},
				"east": {"uv": [4.15625, 0, 12.15625, 1.09375], "texture": "#2"},
				"south": {"uv": [4.15625, 0, 12.15625, 1.09375], "texture": "#2"},
				"west": {"uv": [4.15625, 0, 12.15625, 1.09375], "texture": "#2"},
				"up": {"uv": [4.15625, 0, 12.15625, 1.09375], "texture": "#2"},
				"down": {"uv": [4.15625, 0, 12.15625, 1.09375], "texture": "#2"}
			}
		},
		{
			"from": [13.1375, 9.675, 4.125],
			"to": [13.45, 9.8125, 4.7],
			"rotation": {"angle": 22.5, "axis": "z", "origin": [13.5625, 11.6125, 3.875]},
			"faces": {
				"north": {"uv": [4.15625, 7.9375, 7.25, 11.375], "texture": "#2"},
				"east": {"uv": [4.15625, 0.25, 7.84375, 11.1875], "texture": "#2"},
				"south": {"uv": [4.15625, 7.9375, 7.1875, 11.25], "texture": "#2"},
				"west": {"uv": [4.09375, 7.9375, 7.1875, 11.15625], "texture": "#2"},
				"up": {"uv": [8, 8, 16, 12], "texture": "#2"},
				"down": {"uv": [3.46875, 12, 11.46875, 16], "texture": "#2"}
			}
		},
		{
			"from": [15.0625, 10.5375, 4.125],
			"to": [15.2, 10.85, 4.7],
			"rotation": {"angle": -45, "axis": "z", "origin": [13.5625, 11.6125, 3.875]},
			"faces": {
				"north": {"uv": [4.375, 8.25, 7.40625, 11.375], "rotation": 90, "texture": "#2"},
				"east": {"uv": [3.46875, 12, 11.46875, 16], "rotation": 270, "texture": "#2"},
				"south": {"uv": [4.15625, 8.25, 7.1875, 11.25], "rotation": 270, "texture": "#2"},
				"west": {"uv": [3.53125, 12, 6.6875, 16], "rotation": 270, "texture": "#2"},
				"up": {"uv": [4.15625, 0.25, 7.84375, 11.1875], "rotation": 270, "texture": "#2"},
				"down": {"uv": [4.09375, 0, 7.78125, 11.15625], "rotation": 270, "texture": "#2"}
			}
		},
		{
			"from": [13.2875, 11.2625, 4.125],
			"to": [13.575, 11.65, 4.7],
			"rotation": {"angle": 0, "axis": "y", "origin": [0, 0, 0.125]},
			"faces": {
				"north": {"uv": [3.84375, 0, 5.53125, 4], "texture": "#2"},
				"east": {"uv": [3.84375, 0, 11.84375, 4], "texture": "#2"},
				"south": {"uv": [3.84375, 0, 5.59375, 4], "texture": "#2"},
				"west": {"uv": [3.84375, 0, 5.59375, 4], "texture": "#2"},
				"up": {"uv": [3.84375, 0, 11.84375, 4], "texture": "#2"},
				"down": {"uv": [3.84375, 0, 5.53125, 4], "texture": "#2"}
			}
		},
		{
			"from": [9.1875, 11.6375, 4],
			"to": [14.625, 12.5, 4.825],
			"rotation": {"angle": 0, "axis": "y", "origin": [0, 0, 0.125]},
			"faces": {
				"north": {"uv": [0, 10.8125, 10.1875, 16], "texture": "#5"},
				"east": {"uv": [0, 10.8125, 10.1875, 16], "texture": "#5"},
				"south": {"uv": [0, 10.8125, 10.1875, 16], "texture": "#5"},
				"west": {"uv": [0, 10.8125, 10.1875, 16], "texture": "#5"},
				"up": {"uv": [0, 10.8125, 10.1875, 16], "texture": "#5"},
				"down": {"uv": [0, 10.8125, 10.1875, 16], "texture": "#5"}
			}
		},
		{
			"from": [8.5625, 12.425, 4],
			"to": [9.1875, 13.25, 4.8125],
			"rotation": {"angle": 0, "axis": "y", "origin": [0, 0, 0.125]},
			"faces": {
				"north": {"uv": [0, 10.8125, 10.1875, 16], "texture": "#5"},
				"east": {"uv": [0, 10.8125, 10.1875, 16], "texture": "#5"},
				"south": {"uv": [0, 10.8125, 10.1875, 16], "texture": "#5"},
				"west": {"uv": [0, 10.8125, 10.1875, 16], "texture": "#5"},
				"up": {"uv": [0, 10.8125, 10.1875, 16], "texture": "#5"},
				"down": {"uv": [0, 10.8125, 10.1875, 16], "texture": "#5"}
			}
		},
		{
			"from": [9.1875, 12.5, 4],
			"to": [9.8125, 13.25, 4.8125],
			"rotation": {"angle": 0, "axis": "y", "origin": [0, 0, 0.125]},
			"faces": {
				"north": {"uv": [0, 10.8125, 10.1875, 16], "texture": "#5"},
				"east": {"uv": [0, 10.8125, 10.1875, 16], "texture": "#5"},
				"south": {"uv": [0, 10.8125, 10.1875, 16], "texture": "#5"},
				"west": {"uv": [0, 10.8125, 10.1875, 16], "texture": "#5"},
				"up": {"uv": [0, 10.8125, 10.1875, 16], "texture": "#5"},
				"down": {"uv": [0, 10.8125, 10.1875, 16], "texture": "#5"}
			}
		},
		{
			"from": [9.8125, 12.5, 4.8],
			"to": [14, 13.15, 4.8],
			"rotation": {"angle": 0, "axis": "y", "origin": [0, 0, 0.125]},
			"faces": {
				"north": {"uv": [0, 10.8125, 10.1875, 16], "texture": "#5"},
				"east": {"uv": [0, 10.8125, 10.1875, 16], "texture": "#5"},
				"south": {"uv": [0, 10.8125, 10.1875, 16], "texture": "#5"},
				"west": {"uv": [0, 10.8125, 10.1875, 16], "texture": "#5"},
				"up": {"uv": [0, 10.8125, 10.1875, 16], "texture": "#5"},
				"down": {"uv": [0, 10.8125, 10.1875, 16], "texture": "#5"}
			}
		},
		{
			"from": [13.4125, 11.825, 4.0125],
			"to": [13.9625, 12.8, 4.8],
			"rotation": {"angle": 45, "axis": "z", "origin": [13.5625, 13, 3.9375]},
			"faces": {
				"north": {"uv": [0, 10.8125, 10.1875, 16], "texture": "#5"},
				"east": {"uv": [0, 10.8125, 10.1875, 16], "texture": "#5"},
				"south": {"uv": [0, 10.8125, 10.1875, 16], "texture": "#5"},
				"west": {"uv": [0, 10.8125, 10.1875, 16], "texture": "#5"},
				"up": {"uv": [0, 10.8125, 10.1875, 16], "texture": "#5"},
				"down": {"uv": [0, 10.8125, 10.1875, 16], "texture": "#5"}
			}
		},
		{
			"from": [13.9625, 11.825, 4.1125],
			"to": [13.9875, 12.8, 4.7],
			"rotation": {"angle": 45, "axis": "z", "origin": [13.5625, 13, 3.9375]},
			"faces": {
				"north": {"uv": [0, 10.8125, 10.1875, 16], "texture": "#5"},
				"east": {"uv": [0, 10.8125, 10.1875, 16], "texture": "#5"},
				"south": {"uv": [0, 10.8125, 10.1875, 16], "texture": "#5"},
				"west": {"uv": [0, 10.8125, 10.1875, 16], "texture": "#5"},
				"up": {"uv": [0, 10.8125, 10.1875, 16], "texture": "#5"},
				"down": {"uv": [0, 10.8125, 10.1875, 16], "texture": "#5"}
			}
		},
		{
			"from": [9.8125, 13.125, 4.1125],
			"to": [14, 13.175, 4.7],
			"rotation": {"angle": 0, "axis": "y", "origin": [0, 0, 0.125]},
			"faces": {
				"north": {"uv": [0, 10.8125, 10.1875, 16], "texture": "#5"},
				"east": {"uv": [0, 10.8125, 10.1875, 16], "texture": "#5"},
				"south": {"uv": [0, 10.8125, 10.1875, 16], "texture": "#5"},
				"west": {"uv": [0, 10.8125, 10.1875, 16], "texture": "#5"},
				"up": {"uv": [0, 10.8125, 10.1875, 16], "texture": "#5"},
				"down": {"uv": [0, 10.8125, 10.1875, 16], "texture": "#5"}
			}
		},
		{
			"from": [9.8125, 12.5, 4.2625],
			"to": [14, 13.1, 4.8],
			"rotation": {"angle": 0, "axis": "y", "origin": [0, 0, 0.125]},
			"faces": {
				"north": {"uv": [0, 10.8125, 10.1875, 16], "texture": "#5"},
				"east": {"uv": [0, 10.8125, 10.1875, 16], "texture": "#5"},
				"south": {"uv": [0, 10.8125, 10.1875, 16], "texture": "#5"},
				"west": {"uv": [0, 10.8125, 10.1875, 16], "texture": "#5"},
				"up": {"uv": [0, 10.8125, 10.1875, 16], "texture": "#5"},
				"down": {"uv": [0, 10.8125, 10.1875, 16], "texture": "#5"}
			}
		},
		{
			"from": [1.3, 11.8, 4.225],
			"to": [5.75, 12.15, 4.5875],
			"rotation": {"angle": 0, "axis": "y", "origin": [0.75, 0, 0.125]},
			"faces": {
				"north": {"uv": [0, 10.8125, 10.1875, 16], "texture": "#5"},
				"east": {"uv": [0, 10.8125, 10.1875, 16], "texture": "#5"},
				"south": {"uv": [0, 10.8125, 10.1875, 16], "texture": "#5"},
				"west": {"uv": [0, 10.8125, 10.1875, 16], "texture": "#5"},
				"up": {"uv": [0, 10.8125, 10.1875, 16], "texture": "#5"},
				"down": {"uv": [0, 10.8125, 10.1875, 16], "texture": "#5"}
			}
		},
		{
			"from": [5.575, 11.75, 4.175],
			"to": [5.7, 12.2, 4.6375],
			"rotation": {"angle": 0, "axis": "y", "origin": [0.75, 0, 0.125]},
			"faces": {
				"north": {"uv": [0, 10.8125, 10.1875, 16], "texture": "#5"},
				"east": {"uv": [0, 10.8125, 10.1875, 16], "texture": "#5"},
				"south": {"uv": [0, 10.8125, 10.1875, 16], "texture": "#5"},
				"west": {"uv": [0, 10.8125, 10.1875, 16], "texture": "#5"},
				"up": {"uv": [0, 10.8125, 10.1875, 16], "texture": "#5"},
				"down": {"uv": [0, 10.8125, 10.1875, 16], "texture": "#5"}
			}
		},
		{
			"from": [4.375, 12.5375, 4.2],
			"to": [6, 12.95, 4.6125],
			"rotation": {"angle": 0, "axis": "y", "origin": [0.75, -0.05, 0.125]},
			"faces": {
				"north": {"uv": [0, 10.8125, 10.1875, 16], "texture": "#5"},
				"east": {"uv": [0, 10.8125, 10.1875, 16], "texture": "#5"},
				"south": {"uv": [0, 10.8125, 10.1875, 16], "texture": "#5"},
				"west": {"uv": [0, 10.8125, 10.1875, 16], "texture": "#5"},
				"up": {"uv": [0, 10.8125, 10.1875, 16], "texture": "#5"},
				"down": {"uv": [0, 10.8125, 10.1875, 16], "texture": "#5"}
			}
		},
		{
			"from": [3.7625, 11.175, 4.225],
			"to": [4.8125, 11.475, 4.5875],
			"rotation": {"angle": 45, "axis": "z", "origin": [2.8125, 11.7, 4.125]},
			"faces": {
				"north": {"uv": [0, 10.8125, 10.1875, 16], "texture": "#5"},
				"east": {"uv": [0, 10.8125, 10.1875, 16], "texture": "#5"},
				"south": {"uv": [0, 10.8125, 10.1875, 16], "texture": "#5"},
				"west": {"uv": [0, 10.8125, 10.1875, 16], "texture": "#5"},
				"up": {"uv": [0, 10.8125, 10.1875, 16], "texture": "#5"},
				"down": {"uv": [0, 10.8125, 10.1875, 16], "texture": "#5"}
			}
		},
		{
			"from": [3.325, 11.775, 4.175],
			"to": [4.2, 12.2, 4.6375],
			"rotation": {"angle": 0, "axis": "y", "origin": [0.75, 0, 0.125]},
			"faces": {
				"north": {"uv": [0, 10.8125, 10.1875, 16], "texture": "#5"},
				"east": {"uv": [0, 10.8125, 10.1875, 16], "texture": "#5"},
				"south": {"uv": [0, 10.8125, 10.1875, 16], "texture": "#5"},
				"west": {"uv": [0, 10.8125, 10.1875, 16], "texture": "#5"},
				"up": {"uv": [0, 10.8125, 10.1875, 16], "texture": "#5"},
				"down": {"uv": [0, 10.8125, 10.1875, 16], "texture": "#5"}
			}
		},
		{
			"from": [1.5, 11.775, 4.175],
			"to": [2.375, 12.2, 4.6375],
			"rotation": {"angle": 0, "axis": "y", "origin": [1, 0, 0.125]},
			"faces": {
				"north": {"uv": [0, 10.8125, 10.1875, 16], "texture": "#5"},
				"east": {"uv": [0, 10.8125, 10.1875, 16], "texture": "#5"},
				"south": {"uv": [0, 10.8125, 10.1875, 16], "texture": "#5"},
				"west": {"uv": [0, 10.8125, 10.1875, 16], "texture": "#5"},
				"up": {"uv": [0, 10.8125, 10.1875, 16], "texture": "#5"},
				"down": {"uv": [0, 10.8125, 10.1875, 16], "texture": "#5"}
			}
		},
		{
			"from": [1.5375, 11.6875, 4.275],
			"to": [1.7, 12.6, 4.5375],
			"rotation": {"angle": 45, "axis": "z", "origin": [1.4375, 12.625, 4.125]},
			"faces": {
				"north": {"uv": [0, 10.8125, 10.1875, 16], "texture": "#5"},
				"east": {"uv": [0, 10.8125, 10.1875, 16], "texture": "#5"},
				"south": {"uv": [0, 10.8125, 10.1875, 16], "texture": "#5"},
				"west": {"uv": [0, 10.8125, 10.1875, 16], "texture": "#5"},
				"up": {"uv": [0, 10.8125, 10.1875, 16], "texture": "#5"},
				"down": {"uv": [0, 10.8125, 10.1875, 16], "texture": "#5"}
			}
		},
		{
			"from": [1.525, 12, 4.275],
			"to": [1.6875, 12.75, 4.5375],
			"rotation": {"angle": 0, "axis": "y", "origin": [1, 0, 0.125]},
			"faces": {
				"north": {"uv": [0, 10.8125, 10.1875, 16], "texture": "#5"},
				"east": {"uv": [0, 10.8125, 10.1875, 16], "texture": "#5"},
				"south": {"uv": [0, 10.8125, 10.1875, 16], "texture": "#5"},
				"west": {"uv": [0, 10.8125, 10.1875, 16], "texture": "#5"},
				"up": {"uv": [0, 10.8125, 10.1875, 16], "texture": "#5"},
				"down": {"uv": [0, 10.8125, 10.1875, 16], "texture": "#5"}
			}
		},
		{
			"from": [1.5125, 12.75, 4.3],
			"to": [1.6875, 13.2875, 4.525],
			"rotation": {"angle": 0, "axis": "y", "origin": [1, 0, 0.125]},
			"faces": {
				"north": {"uv": [0, 10.8125, 10.1875, 16], "texture": "#5"},
				"east": {"uv": [0, 10.8125, 10.1875, 16], "texture": "#5"},
				"south": {"uv": [0, 10.8125, 10.1875, 16], "texture": "#5"},
				"west": {"uv": [0, 10.8125, 10.1875, 16], "texture": "#5"},
				"up": {"uv": [0, 10.8125, 10.1875, 16], "texture": "#5"},
				"down": {"uv": [0, 10.8125, 10.1875, 16], "texture": "#5"}
			}
		},
		{
			"from": [13.9875, 12.325, 4.3125],
			"to": [14.0625, 12.625, 4.5],
			"rotation": {"angle": 45, "axis": "z", "origin": [13.5625, 13, 3.9375]},
			"faces": {
				"north": {"uv": [0, 12, 8, 16], "texture": "#5"},
				"east": {"uv": [0, 12, 8, 16], "texture": "#5"},
				"south": {"uv": [0, 12, 8, 16], "texture": "#5"},
				"west": {"uv": [0, 12, 8, 16], "texture": "#5"},
				"up": {"uv": [0, 12, 8, 16], "texture": "#5"},
				"down": {"uv": [0, 12, 8, 16], "texture": "#5"}
			}
		},
		{
			"from": [5.7625, 12.425, 3.9875],
			"to": [5.8125, 13.125, 4.825],
			"rotation": {"angle": 0, "axis": "y", "origin": [0.75, 0, 0.125]},
			"faces": {
				"north": {"uv": [0, 8, 8, 12], "texture": "#5"},
				"east": {"uv": [0, 8, 8, 12], "texture": "#5"},
				"south": {"uv": [0, 8, 8, 12], "texture": "#5"},
				"west": {"uv": [0, 8, 8, 12], "texture": "#5"},
				"up": {"uv": [0, 8, 8, 12], "texture": "#5"},
				"down": {"uv": [0, 8, 8, 12], "texture": "#5"}
			}
		},
		{
			"from": [5.7, 11.625, 3.95],
			"to": [5.75, 12.375, 4.85],
			"rotation": {"angle": 0, "axis": "y", "origin": [0.75, 0, 0.125]},
			"faces": {
				"north": {"uv": [0, 8, 8, 12], "texture": "#5"},
				"east": {"uv": [0, 8, 8, 12], "texture": "#5"},
				"south": {"uv": [0, 8, 8, 12], "texture": "#5"},
				"west": {"uv": [0, 8, 8, 12], "texture": "#5"},
				"up": {"uv": [0, 8, 8, 12], "texture": "#5"},
				"down": {"uv": [0, 8, 8, 12], "texture": "#5"}
			}
		},
		{
			"from": [1.4375, 17.0125, 4.125],
			"to": [1.475, 17.4, 4.7],
			"rotation": {"angle": -45, "axis": "z", "origin": [0, 0, 0.125]},
			"faces": {
				"north": {"uv": [3.84375, 0, 5.53125, 4], "texture": "#5"},
				"east": {"uv": [3.84375, 0, 11.84375, 4], "texture": "#5"},
				"south": {"uv": [3.84375, 0, 5.59375, 4], "texture": "#5"},
				"west": {"uv": [3.84375, 0, 5.59375, 4], "texture": "#5"},
				"up": {"uv": [3.84375, 0, 11.84375, 4], "texture": "#5"},
				"down": {"uv": [3.84375, 0, 5.53125, 4], "texture": "#5"}
			}
		},
		{
			"from": [12.5125, 10.975, 4.125],
			"to": [13.075, 11.0125, 4.7],
			"rotation": {"angle": 0, "axis": "y", "origin": [0, 0, 0.125]},
			"faces": {
				"north": {"uv": [3.84375, 0, 5.53125, 4], "rotation": 270, "texture": "#5"},
				"east": {"uv": [3.84375, 0, 11.84375, 4], "rotation": 90, "texture": "#5"},
				"south": {"uv": [3.84375, 0, 5.59375, 4], "rotation": 90, "texture": "#5"},
				"west": {"uv": [3.84375, 0, 5.53125, 4], "rotation": 90, "texture": "#5"},
				"up": {"uv": [3.84375, 0, 5.59375, 4], "rotation": 90, "texture": "#5"},
				"down": {"uv": [3.84375, 0, 11.84375, 4], "rotation": 90, "texture": "#5"}
			}
		},
		{
			"from": [0.9125, 16.6, 4.125],
			"to": [1.1, 16.6375, 4.7],
			"rotation": {"angle": -45, "axis": "z", "origin": [0, 0, 0.125]},
			"faces": {
				"north": {"uv": [3.84375, 0, 5.53125, 4], "rotation": 270, "texture": "#5"},
				"east": {"uv": [3.84375, 0, 11.84375, 4], "rotation": 90, "texture": "#5"},
				"south": {"uv": [3.84375, 0, 5.59375, 4], "rotation": 90, "texture": "#5"},
				"west": {"uv": [3.84375, 0, 5.53125, 4], "rotation": 90, "texture": "#5"},
				"up": {"uv": [3.84375, 0, 5.59375, 4], "rotation": 90, "texture": "#5"},
				"down": {"uv": [3.84375, 0, 11.84375, 4], "rotation": 90, "texture": "#5"}
			}
		},
		{
			"from": [12.3875, 11.0875, 4.125],
			"to": [12.425, 11.4, 4.7],
			"rotation": {"angle": 0, "axis": "y", "origin": [0, 0, 0.125]},
			"faces": {
				"north": {"uv": [3.84375, 0, 5.53125, 4], "texture": "#5"},
				"east": {"uv": [3.84375, 0, 11.84375, 4], "texture": "#5"},
				"south": {"uv": [3.84375, 0, 5.59375, 4], "texture": "#5"},
				"west": {"uv": [3.84375, 0, 5.59375, 4], "texture": "#5"},
				"up": {"uv": [3.84375, 0, 11.84375, 4], "texture": "#5"},
				"down": {"uv": [3.84375, 0, 5.53125, 4], "texture": "#5"}
			}
		},
		{
			"from": [15.4625, 5.5875, 4.125],
			"to": [15.75, 6.15, 4.7],
			"rotation": {"angle": 22.5, "axis": "z", "origin": [0, 0, 0.125]},
			"faces": {
				"north": {"uv": [3.84375, 0, 5.53125, 4], "texture": "#5"},
				"east": {"uv": [3.84375, 0, 11.84375, 4], "texture": "#5"},
				"south": {"uv": [3.84375, 0, 5.59375, 4], "texture": "#5"},
				"west": {"uv": [3.84375, 0, 5.59375, 4], "texture": "#5"},
				"up": {"uv": [3.84375, 0, 11.84375, 4], "texture": "#5"},
				"down": {"uv": [3.84375, 0, 5.53125, 4], "texture": "#5"}
			}
		},
		{
			"from": [12.2125, 11.1875, 4.125],
			"to": [12.4, 11.65, 4.7],
			"rotation": {"angle": 0, "axis": "y", "origin": [0, 0, 0.125]},
			"faces": {
				"north": {"uv": [3.84375, 0, 5.53125, 4], "texture": "#5"},
				"east": {"uv": [3.84375, 0, 11.84375, 4], "texture": "#5"},
				"south": {"uv": [3.84375, 0, 5.59375, 4], "texture": "#5"},
				"west": {"uv": [3.84375, 0, 5.59375, 4], "texture": "#5"},
				"up": {"uv": [3.84375, 0, 11.84375, 4], "texture": "#5"},
				"down": {"uv": [3.84375, 0, 5.53125, 4], "texture": "#5"}
			}
		},
		{
			"from": [-0.2, 12.1, 4.2],
			"to": [-0.15, 12.175, 4.6125],
			"rotation": {"angle": 0, "axis": "y", "origin": [0.75, 0, 0.125]},
			"faces": {
				"north": {"uv": [0, 10.8125, 10.1875, 16], "texture": "#5"},
				"east": {"uv": [0, 10.8125, 10.1875, 16], "texture": "#5"},
				"south": {"uv": [0, 10.8125, 10.1875, 16], "texture": "#5"},
				"west": {"uv": [0, 10.8125, 10.1875, 16], "texture": "#5"},
				"up": {"uv": [0, 10.8125, 10.1875, 16], "texture": "#5"},
				"down": {"uv": [0, 10.8125, 10.1875, 16], "texture": "#5"}
			}
		},
		{
			"from": [0.25, 11.775, 4.2],
			"to": [1.3, 12.175, 4.6125],
			"rotation": {"angle": 0, "axis": "y", "origin": [0.75, 0, 0.125]},
			"faces": {
				"north": {"uv": [0, 10.8125, 10.1875, 16], "texture": "#5"},
				"east": {"uv": [0, 10.8125, 10.1875, 16], "texture": "#5"},
				"south": {"uv": [0, 10.8125, 10.1875, 16], "texture": "#5"},
				"west": {"uv": [0, 10.8125, 10.1875, 16], "texture": "#5"},
				"up": {"uv": [0, 10.8125, 10.1875, 16], "texture": "#5"},
				"down": {"uv": [0, 10.8125, 10.1875, 16], "texture": "#5"}
			}
		},
		{
			"from": [-0.15, 11.775, 4.2],
			"to": [0.25, 11.825, 4.6125],
			"rotation": {"angle": 0, "axis": "y", "origin": [0.75, 0, 0.125]},
			"faces": {
				"north": {"uv": [0, 10.8125, 10.1875, 16], "texture": "#5"},
				"east": {"uv": [0, 10.8125, 10.1875, 16], "texture": "#5"},
				"south": {"uv": [0, 10.8125, 10.1875, 16], "texture": "#5"},
				"west": {"uv": [0, 10.8125, 10.1875, 16], "texture": "#5"},
				"up": {"uv": [0, 10.8125, 10.1875, 16], "texture": "#5"},
				"down": {"uv": [0, 10.8125, 10.1875, 16], "texture": "#5"}
			}
		},
		{
			"from": [-0.15, 12.125, 4.2],
			"to": [0.25, 12.175, 4.6125],
			"rotation": {"angle": 0, "axis": "y", "origin": [0.75, 0, 0.125]},
			"faces": {
				"north": {"uv": [0, 10.8125, 10.1875, 16], "texture": "#5"},
				"east": {"uv": [0, 10.8125, 10.1875, 16], "texture": "#5"},
				"south": {"uv": [0, 10.8125, 10.1875, 16], "texture": "#5"},
				"west": {"uv": [0, 10.8125, 10.1875, 16], "texture": "#5"},
				"up": {"uv": [0, 10.8125, 10.1875, 16], "texture": "#5"},
				"down": {"uv": [0, 10.8125, 10.1875, 16], "texture": "#5"}
			}
		},
		{
			"from": [0.225, 11.85, 4.275],
			"to": [0.25, 12.1, 4.5375],
			"rotation": {"angle": 0, "axis": "y", "origin": [0.75, 0, 0.125]},
			"faces": {
				"north": {"uv": [0, 14.8125, 1.1875, 16], "texture": "#5"},
				"east": {"uv": [0, 14.8125, 1.1875, 16], "texture": "#7"},
				"south": {"uv": [0, 14.8125, 1.1875, 16], "texture": "#5"},
				"west": {"uv": [0, 14.8125, 1.1875, 16], "texture": "#7"},
				"up": {"uv": [0, 14.8125, 1.1875, 16], "texture": "#5"},
				"down": {"uv": [0, 14.8125, 1.1875, 16], "texture": "#5"}
			}
		},
		{
			"from": [-0.2, 11.85, 4.525],
			"to": [-0.15, 12.1, 4.6125],
			"rotation": {"angle": 0, "axis": "y", "origin": [0.75, 0, 0.125]},
			"faces": {
				"north": {"uv": [0, 10.8125, 10.1875, 16], "texture": "#5"},
				"east": {"uv": [0, 10.8125, 10.1875, 16], "texture": "#5"},
				"south": {"uv": [0, 10.8125, 10.1875, 16], "texture": "#5"},
				"west": {"uv": [0, 10.8125, 10.1875, 16], "texture": "#5"},
				"up": {"uv": [0, 10.8125, 10.1875, 16], "texture": "#5"},
				"down": {"uv": [0, 10.8125, 10.1875, 16], "texture": "#5"}
			}
		},
		{
			"from": [-0.2, 11.775, 4.2],
			"to": [-0.15, 11.85, 4.6125],
			"rotation": {"angle": 0, "axis": "y", "origin": [0.75, 0, 0.125]},
			"faces": {
				"north": {"uv": [0, 10.8125, 10.1875, 16], "texture": "#5"},
				"east": {"uv": [0, 10.8125, 10.1875, 16], "texture": "#5"},
				"south": {"uv": [0, 10.8125, 10.1875, 16], "texture": "#5"},
				"west": {"uv": [0, 10.8125, 10.1875, 16], "texture": "#5"},
				"up": {"uv": [0, 10.8125, 10.1875, 16], "texture": "#5"},
				"down": {"uv": [0, 10.8125, 10.1875, 16], "texture": "#5"}
			}
		},
		{
			"from": [-0.2, 11.85, 4.2],
			"to": [-0.15, 12.1, 4.2875],
			"rotation": {"angle": 0, "axis": "y", "origin": [0.75, 0, 0.125]},
			"faces": {
				"north": {"uv": [0, 10.8125, 10.1875, 16], "texture": "#5"},
				"east": {"uv": [0, 10.8125, 10.1875, 16], "texture": "#5"},
				"south": {"uv": [0, 10.8125, 10.1875, 16], "texture": "#5"},
				"west": {"uv": [0, 10.8125, 10.1875, 16], "texture": "#5"},
				"up": {"uv": [0, 10.8125, 10.1875, 16], "texture": "#5"},
				"down": {"uv": [0, 10.8125, 10.1875, 16], "texture": "#5"}
			}
		},
		{
			"from": [-0.15, 11.825, 4.2],
			"to": [0.25, 11.85, 4.2625],
			"rotation": {"angle": 0, "axis": "y", "origin": [0.75, 0, 0.125]},
			"faces": {
				"north": {"uv": [0, 10.8125, 10.1875, 16], "texture": "#5"},
				"east": {"uv": [0, 10.8125, 10.1875, 16], "texture": "#5"},
				"south": {"uv": [0, 10.8125, 10.1875, 16], "texture": "#5"},
				"west": {"uv": [0, 10.8125, 10.1875, 16], "texture": "#5"},
				"up": {"uv": [0, 10.8125, 10.1875, 16], "texture": "#5"},
				"down": {"uv": [0, 10.8125, 10.1875, 16], "texture": "#5"}
			}
		},
		{
			"from": [-0.15, 11.825, 4.55],
			"to": [0.25, 11.85, 4.6125],
			"rotation": {"angle": 0, "axis": "y", "origin": [0.75, 0, 0.125]},
			"faces": {
				"north": {"uv": [0, 10.8125, 10.1875, 16], "texture": "#5"},
				"east": {"uv": [0, 10.8125, 10.1875, 16], "texture": "#5"},
				"south": {"uv": [0, 10.8125, 10.1875, 16], "texture": "#5"},
				"west": {"uv": [0, 10.8125, 10.1875, 16], "texture": "#5"},
				"up": {"uv": [0, 10.8125, 10.1875, 16], "texture": "#5"},
				"down": {"uv": [0, 10.8125, 10.1875, 16], "texture": "#5"}
			}
		},
		{
			"from": [-0.15, 12.1, 4.55],
			"to": [0.25, 12.125, 4.6125],
			"rotation": {"angle": 0, "axis": "y", "origin": [0.75, 0, 0.125]},
			"faces": {
				"north": {"uv": [0, 10.8125, 10.1875, 16], "texture": "#5"},
				"east": {"uv": [0, 10.8125, 10.1875, 16], "texture": "#5"},
				"south": {"uv": [0, 10.8125, 10.1875, 16], "texture": "#5"},
				"west": {"uv": [0, 10.8125, 10.1875, 16], "texture": "#5"},
				"up": {"uv": [0, 10.8125, 10.1875, 16], "texture": "#5"},
				"down": {"uv": [0, 10.8125, 10.1875, 16], "texture": "#5"}
			}
		},
		{
			"from": [-0.15, 12.1, 4.2],
			"to": [0.25, 12.125, 4.2625],
			"rotation": {"angle": 0, "axis": "y", "origin": [0.75, 0, 0.125]},
			"faces": {
				"north": {"uv": [0, 10.8125, 10.1875, 16], "texture": "#5"},
				"east": {"uv": [0, 10.8125, 10.1875, 16], "texture": "#5"},
				"south": {"uv": [0, 10.8125, 10.1875, 16], "texture": "#5"},
				"west": {"uv": [0, 10.8125, 10.1875, 16], "texture": "#5"},
				"up": {"uv": [0, 10.8125, 10.1875, 16], "texture": "#5"},
				"down": {"uv": [0, 10.8125, 10.1875, 16], "texture": "#5"}
			}
		},
		{
			"from": [-0.225, 11.85, 4.25],
			"to": [-0.175, 12.1, 4.2875],
			"rotation": {"angle": 0, "axis": "y", "origin": [0.75, 0, 0.125]},
			"faces": {
				"north": {"uv": [0, 10.8125, 10.1875, 16], "texture": "#5"},
				"east": {"uv": [0, 10.8125, 10.1875, 16], "texture": "#5"},
				"south": {"uv": [0, 10.8125, 10.1875, 16], "texture": "#5"},
				"west": {"uv": [0, 10.8125, 10.1875, 16], "texture": "#5"},
				"up": {"uv": [0, 10.8125, 10.1875, 16], "texture": "#5"},
				"down": {"uv": [0, 10.8125, 10.1875, 16], "texture": "#5"}
			}
		},
		{
			"from": [-0.225, 11.85, 4.525],
			"to": [-0.175, 12.1, 4.5625],
			"rotation": {"angle": 0, "axis": "y", "origin": [0.75, 0, 0.125]},
			"faces": {
				"north": {"uv": [0, 10.8125, 10.1875, 16], "texture": "#5"},
				"east": {"uv": [0, 10.8125, 10.1875, 16], "texture": "#5"},
				"south": {"uv": [0, 10.8125, 10.1875, 16], "texture": "#5"},
				"west": {"uv": [0, 10.8125, 10.1875, 16], "texture": "#5"},
				"up": {"uv": [0, 10.8125, 10.1875, 16], "texture": "#5"},
				"down": {"uv": [0, 10.8125, 10.1875, 16], "texture": "#5"}
			}
		},
		{
			"from": [-0.225, 12.1, 4.25],
			"to": [-0.175, 12.125, 4.5625],
			"rotation": {"angle": 0, "axis": "y", "origin": [0.75, 0, 0.125]},
			"faces": {
				"north": {"uv": [0, 10.8125, 10.1875, 16], "texture": "#5"},
				"east": {"uv": [0, 10.8125, 10.1875, 16], "texture": "#5"},
				"south": {"uv": [0, 10.8125, 10.1875, 16], "texture": "#5"},
				"west": {"uv": [0, 10.8125, 10.1875, 16], "texture": "#5"},
				"up": {"uv": [0, 10.8125, 10.1875, 16], "texture": "#5"},
				"down": {"uv": [0, 10.8125, 10.1875, 16], "texture": "#5"}
			}
		},
		{
			"from": [-0.225, 11.825, 4.25],
			"to": [-0.175, 11.85, 4.5625],
			"rotation": {"angle": 0, "axis": "y", "origin": [0.75, 0, 0.125]},
			"faces": {
				"north": {"uv": [0, 10.8125, 10.1875, 16], "texture": "#5"},
				"east": {"uv": [0, 10.8125, 10.1875, 16], "texture": "#5"},
				"south": {"uv": [0, 10.8125, 10.1875, 16], "texture": "#5"},
				"west": {"uv": [0, 10.8125, 10.1875, 16], "texture": "#5"},
				"up": {"uv": [0, 10.8125, 10.1875, 16], "texture": "#5"},
				"down": {"uv": [0, 10.8125, 10.1875, 16], "texture": "#5"}
			}
		},
		{
			"from": [1.5125, 13.275, 4.475],
			"to": [1.6875, 13.4625, 4.525],
			"rotation": {"angle": 0, "axis": "y", "origin": [1, 0, 0.125]},
			"faces": {
				"north": {"uv": [0, 10.8125, 10.1875, 16], "texture": "#5"},
				"east": {"uv": [0, 10.8125, 10.1875, 16], "texture": "#5"},
				"south": {"uv": [0, 10.8125, 10.1875, 16], "texture": "#5"},
				"west": {"uv": [0, 10.8125, 10.1875, 16], "texture": "#5"},
				"up": {"uv": [0, 10.8125, 10.1875, 16], "texture": "#5"},
				"down": {"uv": [0, 10.8125, 10.1875, 16], "texture": "#5"}
			}
		},
		{
			"from": [1.5125, 13.275, 4.3],
			"to": [1.6875, 13.4625, 4.35],
			"rotation": {"angle": 0, "axis": "y", "origin": [1, 0, 0.125]},
			"faces": {
				"north": {"uv": [0, 10.8125, 10.1875, 16], "texture": "#5"},
				"east": {"uv": [0, 10.8125, 10.1875, 16], "texture": "#5"},
				"south": {"uv": [0, 10.8125, 10.1875, 16], "texture": "#5"},
				"west": {"uv": [0, 10.8125, 10.1875, 16], "texture": "#5"},
				"up": {"uv": [0, 10.8125, 10.1875, 16], "texture": "#5"},
				"down": {"uv": [0, 10.8125, 10.1875, 16], "texture": "#5"}
			}
		},
		{
			"from": [9.5125, 13.325, 4.475],
			"to": [9.6875, 13.5125, 4.525],
			"rotation": {"angle": 0, "axis": "y", "origin": [1, 0, 0.125]},
			"faces": {
				"north": {"uv": [0, 10.8125, 10.1875, 16], "texture": "#5"},
				"east": {"uv": [0, 10.8125, 10.1875, 16], "texture": "#5"},
				"south": {"uv": [0, 10.8125, 10.1875, 16], "texture": "#5"},
				"west": {"uv": [0, 10.8125, 10.1875, 16], "texture": "#5"},
				"up": {"uv": [0, 10.8125, 10.1875, 16], "texture": "#5"},
				"down": {"uv": [0, 10.8125, 10.1875, 16], "texture": "#5"}
			}
		},
		{
			"from": [9.5125, 13.325, 4.3],
			"to": [9.6875, 13.5125, 4.35],
			"rotation": {"angle": 0, "axis": "y", "origin": [1, 0, 0.125]},
			"faces": {
				"north": {"uv": [0, 10.8125, 10.1875, 16], "texture": "#5"},
				"east": {"uv": [0, 10.8125, 10.1875, 16], "texture": "#5"},
				"south": {"uv": [0, 10.8125, 10.1875, 16], "texture": "#5"},
				"west": {"uv": [0, 10.8125, 10.1875, 16], "texture": "#5"},
				"up": {"uv": [0, 10.8125, 10.1875, 16], "texture": "#5"},
				"down": {"uv": [0, 10.8125, 10.1875, 16], "texture": "#5"}
			}
		},
		{
			"from": [9.5125, 13.35, 4.4],
			"to": [9.6875, 13.4625, 4.425],
			"rotation": {"angle": 0, "axis": "y", "origin": [1, 0, 0.125]},
			"faces": {
				"north": {"uv": [0, 10.8125, 10.1875, 16], "texture": "#5"},
				"east": {"uv": [0, 10.8125, 10.1875, 16], "texture": "#5"},
				"south": {"uv": [0, 10.8125, 10.1875, 16], "texture": "#5"},
				"west": {"uv": [0, 10.8125, 10.1875, 16], "texture": "#5"},
				"up": {"uv": [0, 10.8125, 10.1875, 16], "texture": "#5"},
				"down": {"uv": [0, 10.8125, 10.1875, 16], "texture": "#5"}
			}
		},
		{
			"from": [9.5125, 13.325, 4.35],
			"to": [9.6875, 13.35, 4.475],
			"rotation": {"angle": 0, "axis": "y", "origin": [1, 0, 0.125]},
			"faces": {
				"north": {"uv": [0, 10.8125, 10.1875, 16], "texture": "#5"},
				"east": {"uv": [0, 10.8125, 10.1875, 16], "texture": "#5"},
				"south": {"uv": [0, 10.8125, 10.1875, 16], "texture": "#5"},
				"west": {"uv": [0, 10.8125, 10.1875, 16], "texture": "#5"},
				"up": {"uv": [0, 10.8125, 10.1875, 16], "texture": "#5"},
				"down": {"uv": [0, 10.8125, 10.1875, 16], "texture": "#5"}
			}
		},
		{
			"from": [9.5125, 13.25, 4.225],
			"to": [9.6875, 13.325, 4.6],
			"rotation": {"angle": 0, "axis": "y", "origin": [1, 0, 0.125]},
			"faces": {
				"north": {"uv": [0, 10.8125, 10.1875, 16], "texture": "#5"},
				"east": {"uv": [0, 10.8125, 10.1875, 16], "texture": "#5"},
				"south": {"uv": [0, 10.8125, 10.1875, 16], "texture": "#5"},
				"west": {"uv": [0, 10.8125, 10.1875, 16], "texture": "#5"},
				"up": {"uv": [0, 10.8125, 10.1875, 16], "texture": "#5"},
				"down": {"uv": [0, 10.8125, 10.1875, 16], "texture": "#5"}
			}
		},
		{
			"from": [12.9875, 11.175, 4.325],
			"to": [13.05, 11.7625, 4.5],
			"rotation": {"angle": 0, "axis": "y", "origin": [0, 0, 0.125]},
			"faces": {
				"north": {"uv": [3.84375, 0, 5.53125, 4], "rotation": 270, "texture": "#5"},
				"east": {"uv": [3.84375, 0, 11.84375, 4], "rotation": 90, "texture": "#5"},
				"south": {"uv": [3.84375, 0, 5.59375, 4], "rotation": 90, "texture": "#5"},
				"west": {"uv": [3.84375, 0, 5.53125, 4], "rotation": 90, "texture": "#5"},
				"up": {"uv": [3.84375, 0, 5.59375, 4], "rotation": 90, "texture": "#5"},
				"down": {"uv": [3.84375, 0, 11.84375, 4], "rotation": 90, "texture": "#5"}
			}
		},
		{
			"from": [15.5625, 5.3375, 4.3],
			"to": [15.625, 5.6, 4.525],
			"rotation": {"angle": 22.5, "axis": "z", "origin": [0, 0, 0.125]},
			"faces": {
				"north": {"uv": [3.84375, 0, 5.53125, 4], "texture": "#5"},
				"east": {"uv": [3.84375, 0, 11.84375, 4], "texture": "#5"},
				"south": {"uv": [3.84375, 0, 5.59375, 4], "texture": "#5"},
				"west": {"uv": [3.84375, 0, 5.59375, 4], "texture": "#5"},
				"up": {"uv": [3.84375, 0, 11.84375, 4], "texture": "#5"},
				"down": {"uv": [3.84375, 0, 5.53125, 4], "texture": "#5"}
			}
		},
		{
			"from": [9.8125, 13, 4],
			"to": [14, 13.15, 4],
			"rotation": {"angle": 0, "axis": "y", "origin": [0, 0, 0.125]},
			"faces": {
				"north": {"uv": [0, 10.8125, 10.1875, 16], "texture": "#5"},
				"east": {"uv": [0, 10.8125, 10.1875, 16], "texture": "#5"},
				"south": {"uv": [0, 10.8125, 10.1875, 16], "texture": "#5"},
				"west": {"uv": [0, 10.8125, 10.1875, 16], "texture": "#5"},
				"up": {"uv": [0, 10.8125, 10.1875, 16], "texture": "#5"},
				"down": {"uv": [0, 10.8125, 10.1875, 16], "texture": "#5"}
			}
		},
		{
			"from": [9.8125, 13.125, 4.0125],
			"to": [14, 13.15, 4.8],
			"rotation": {"angle": 0, "axis": "y", "origin": [0, 0, 0.125]},
			"faces": {
				"north": {"uv": [0, 10.8125, 10.1875, 16], "texture": "#5"},
				"east": {"uv": [0, 10.8125, 10.1875, 16], "texture": "#5"},
				"south": {"uv": [0, 10.8125, 10.1875, 16], "texture": "#5"},
				"west": {"uv": [0, 10.8125, 10.1875, 16], "texture": "#5"},
				"up": {"uv": [0, 10.8125, 10.1875, 16], "texture": "#5"},
				"down": {"uv": [0, 10.8125, 10.1875, 16], "texture": "#5"}
			}
		},
		{
			"from": [11.5625, 12.5, 4.0125],
			"to": [14, 13.1, 4.55],
			"rotation": {"angle": 0, "axis": "y", "origin": [0, 0, 0.125]},
			"faces": {
				"north": {"uv": [0, 10.8125, 10.1875, 16], "texture": "#5"},
				"east": {"uv": [0, 10.8125, 10.1875, 16], "texture": "#5"},
				"south": {"uv": [0, 10.8125, 10.1875, 16], "texture": "#5"},
				"west": {"uv": [0, 10.8125, 10.1875, 16], "texture": "#5"},
				"up": {"uv": [0, 10.8125, 10.1875, 16], "texture": "#5"},
				"down": {"uv": [0, 10.8125, 10.1875, 16], "texture": "#5"}
			}
		},
		{
			"from": [11.5625, 12.5, 3.9875],
			"to": [14, 13.1, 3.9875],
			"rotation": {"angle": 0, "axis": "y", "origin": [0, 0, 0.125]},
			"faces": {
				"north": {"uv": [0, 10.8125, 10.1875, 16], "texture": "#5"},
				"east": {"uv": [0, 10.8125, 10.1875, 16], "texture": "#5"},
				"south": {"uv": [0, 10.8125, 10.1875, 16], "texture": "#5"},
				"west": {"uv": [0, 10.8125, 10.1875, 16], "texture": "#5"},
				"up": {"uv": [0, 10.8125, 10.1875, 16], "texture": "#5"},
				"down": {"uv": [0, 10.8125, 10.1875, 16], "texture": "#5"}
			}
		},
		{
			"from": [10.1, 8.3125, 4.125],
			"to": [11.4375, 10.4375, 4.625],
			"rotation": {"angle": -45, "axis": "z", "origin": [10.1, 10.4375, 3.875]},
			"faces": {
				"north": {"uv": [8, 8, 16, 16], "texture": "#6"},
				"east": {"uv": [12.40625, 8, 16, 16], "texture": "#6"},
				"south": {"uv": [8, 8, 16, 16], "texture": "#6"},
				"west": {"uv": [12.40625, 8, 16, 12], "texture": "#6"},
				"up": {"uv": [8, 8, 16, 12], "texture": "#6"},
				"down": {"uv": [8, 8, 16, 12], "texture": "#6"}
			}
		},
		{
			"from": [10.5375, 9.875, 4.625],
			"to": [11.975, 12.25, 4.625],
			"rotation": {"angle": -22.5, "axis": "z", "origin": [10.5375, 12, 3.875]},
			"faces": {
				"north": {"uv": [8, 8, 16, 12], "texture": "#6"},
				"east": {"uv": [12.40625, 8, 16, 12], "texture": "#6"},
				"south": {"uv": [8, 0, 16, 12], "texture": "#6"},
				"west": {"uv": [12.40625, 8, 16, 12], "texture": "#6"},
				"up": {"uv": [8, 8, 16, 12], "texture": "#6"},
				"down": {"uv": [8, 8, 16, 12], "texture": "#6"}
			}
		},
		{
			"from": [10.5375, 9.875, 4.125],
			"to": [11.975, 12.25, 4.625],
			"rotation": {"angle": -22.5, "axis": "z", "origin": [10.5375, 12, 3.875]},
			"faces": {
				"north": {"uv": [8, 8, 16, 12], "texture": "#6"},
				"east": {"uv": [12.40625, 0, 16, 12], "texture": "#6"},
				"south": {"uv": [8, 8, 16, 12], "texture": "#6"},
				"west": {"uv": [12.40625, 8, 16, 12], "texture": "#6"},
				"up": {"uv": [8, 8, 16, 12], "texture": "#6"},
				"down": {"uv": [8, 8, 16, 12], "texture": "#6"}
			}
		},
		{
			"from": [5.75, 11.625, 3.95],
			"to": [7.8125, 12.375, 4.875],
			"rotation": {"angle": 0, "axis": "y", "origin": [0.75, 0, 0.125]},
			"faces": {
				"north": {"uv": [4.375, 0, 11.375, 4], "texture": "#2"},
				"east": {"uv": [0, 0, 7, 4], "texture": "#2"},
				"south": {"uv": [0, 0, 7, 4], "texture": "#2"},
				"west": {"uv": [0, 0, 7, 4], "texture": "#2"},
				"up": {"uv": [0, 0, 7, 4], "texture": "#2"},
				"down": {"uv": [0, 0, 7, 4], "texture": "#2"}
			}
		},
		{
			"from": [7.8125, 11.625, 3.95],
			"to": [9.1875, 12.4125, 4.875],
			"rotation": {"angle": 0, "axis": "y", "origin": [0.75, 0, 0.125]},
			"faces": {
				"north": {"uv": [0, 0, 7, 4], "texture": "#2"},
				"east": {"uv": [0, 0, 7, 4], "texture": "#2"},
				"south": {"uv": [0, 0, 7, 4], "texture": "#2"},
				"west": {"uv": [0, 0, 7, 4], "texture": "#2"},
				"up": {"uv": [0, 0, 7, 4], "texture": "#2"},
				"down": {"uv": [0, 0, 7, 4], "texture": "#2"}
			}
		},
		{
			"from": [7.7625, 12.45, 3.9625],
			"to": [8.5625, 13.125, 4.85],
			"rotation": {"angle": 0, "axis": "y", "origin": [0.75, 0, 0.125]},
			"faces": {
				"north": {"uv": [0, 0, 5.1875, 4], "texture": "#2"},
				"east": {"uv": [0, 0, 7, 4], "texture": "#2"},
				"south": {"uv": [0, 0, 7, 4], "texture": "#2"},
				"west": {"uv": [0, 0, 7, 4], "texture": "#2"},
				"up": {"uv": [0, 0, 7, 4], "texture": "#2"},
				"down": {"uv": [0, 0, 7, 4], "texture": "#2"}
			}
		},
		{
			"from": [5.8125, 12.425, 3.9625],
			"to": [7.7625, 13.125, 4.85],
			"rotation": {"angle": 0, "axis": "y", "origin": [0.75, 0, 0.125]},
			"faces": {
				"north": {"uv": [0, 0, 7, 4], "texture": "#2"},
				"east": {"uv": [0, 0, 7, 4], "texture": "#2"},
				"south": {"uv": [0, 0, 7, 4], "texture": "#2"},
				"west": {"uv": [0, 0, 7, 4], "texture": "#2"},
				"up": {"uv": [0, 0, 7, 4], "texture": "#2"},
				"down": {"uv": [0, 0, 7, 4], "texture": "#2"}
			}
		},
		{
			"from": [14.5625, 11.65, 4.7125],
			"to": [16, 12.5, 4.7125],
			"rotation": {"angle": 0, "axis": "y", "origin": [0, -0.125, 0.125]},
			"faces": {
				"north": {"uv": [0, 0, 7, 4], "texture": "#2"},
				"east": {"uv": [0, 0, 7, 4], "texture": "#2"},
				"south": {"uv": [0, 0, 7, 4], "texture": "#2"},
				"west": {"uv": [0, 0, 7, 4], "texture": "#2"},
				"up": {"uv": [0, 0, 7, 4], "texture": "#2"},
				"down": {"uv": [0, 0, 7, 4], "texture": "#2"}
			}
		},
		{
			"from": [15.55, 11.4875, 4.0625],
			"to": [19.5, 12.0125, 4.7125],
			"rotation": {"angle": -22.5, "axis": "z", "origin": [15.875, 11.9875, 3.9375]},
			"faces": {
				"north": {"uv": [0, 0, 7, 4], "texture": "#2"},
				"east": {"uv": [0, 0, 7, 4], "texture": "#2"},
				"south": {"uv": [0, 0, 7, 4], "texture": "#2"},
				"west": {"uv": [0, 0, 7, 4], "texture": "#2"},
				"up": {"uv": [0, 0, 7, 4], "texture": "#2"},
				"down": {"uv": [0, 0, 7, 4], "texture": "#2"}
			}
		},
		{
			"from": [15.6875, 11.55, 4.075],
			"to": [19.3375, 12.4875, 4.7],
			"rotation": {"angle": 0, "axis": "y", "origin": [0, -0.075, 0.125]},
			"faces": {
				"north": {"uv": [0, 0, 7, 4], "texture": "#2"},
				"east": {"uv": [0, 0, 7, 4], "texture": "#2"},
				"south": {"uv": [0, 0, 7, 4], "texture": "#2"},
				"west": {"uv": [0, 0, 7, 4], "texture": "#2"},
				"up": {"uv": [0, 0, 7, 4], "texture": "#2"},
				"down": {"uv": [0, 0, 7, 4], "texture": "#2"}
			}
		},
		{
			"from": [16, 11.975, 4.0625],
			"to": [19.625, 12.3, 4.7125],
			"rotation": {"angle": -22.5, "axis": "z", "origin": [16, 12.3, 3.9375]},
			"faces": {
				"north": {"uv": [0, 0, 7, 1.75], "texture": "#2"},
				"east": {"uv": [0, 0, 7, 4], "texture": "#2"},
				"south": {"uv": [0, 0, 7, 4], "texture": "#2"},
				"west": {"uv": [0, 0, 7, 4], "texture": "#2"},
				"up": {"uv": [0, 0, 7, 4], "texture": "#2"},
				"down": {"uv": [0, 0, 7, 4], "texture": "#2"}
			}
		},
		{
			"from": [17.525, 10.9, 4.075],
			"to": [19.3375, 11.5625, 4.7],
			"rotation": {"angle": 0, "axis": "y", "origin": [0, -0.075, 0.125]},
			"faces": {
				"north": {"uv": [0, 0, 4.1875, 4], "texture": "#2"},
				"east": {"uv": [0, 0, 7, 4], "texture": "#2"},
				"south": {"uv": [0, 0, 7, 4], "texture": "#2"},
				"west": {"uv": [0, 0, 7, 4], "texture": "#2"},
				"up": {"uv": [0, 0, 7, 4], "texture": "#2"},
				"down": {"uv": [0, 0, 7, 4], "texture": "#2"}
			}
		},
		{
			"from": [14.5625, 11.65, 4.0625],
			"to": [16, 12.5, 4.7125],
			"rotation": {"angle": 0, "axis": "y", "origin": [0, -0.125, 0.125]},
			"faces": {
				"north": {"uv": [0, 0, 7, 4], "texture": "#2"},
				"east": {"uv": [0, 0, 7, 4], "texture": "#2"},
				"south": {"uv": [0, 0, 7, 4], "texture": "#2"},
				"west": {"uv": [0, 0, 7, 4], "texture": "#2"},
				"up": {"uv": [0, 0, 7, 4], "texture": "#2"},
				"down": {"uv": [0, 0, 7, 4], "texture": "#2"}
			}
		},
		{
			"from": [14.5625, 11.65, 4.0375],
			"to": [16, 12.5, 4.0375],
			"rotation": {"angle": 0, "axis": "y", "origin": [0, -0.125, 0.125]},
			"faces": {
				"north": {"uv": [0, 0, 3.8125, 4], "rotation": 90, "texture": "#2"},
				"east": {"uv": [0, 0, 7, 4], "texture": "#2"},
				"south": {"uv": [0, 0, 7, 4], "texture": "#2"},
				"west": {"uv": [0, 0, 7, 4], "texture": "#2"},
				"up": {"uv": [0, 0, 7, 4], "texture": "#2"},
				"down": {"uv": [0, 0, 7, 4], "texture": "#2"}
			}
		},
		{
			"from": [9.8125, 12.5, 4.0625],
			"to": [11.575, 13.1, 4.55],
			"rotation": {"angle": 0, "axis": "y", "origin": [0, 0, 0.125]},
			"faces": {
				"north": {"uv": [7.0625, 3.03125, 16, 8.21875], "texture": "#8"},
				"east": {"uv": [7.0625, 3.03125, 16, 8.21875], "texture": "#8"},
				"south": {"uv": [7.0625, 3.03125, 16, 8.21875], "texture": "#8"},
				"west": {"uv": [7.0625, 3.03125, 16, 8.21875], "texture": "#8"},
				"up": {"uv": [7.0625, 3.03125, 16, 8.21875], "texture": "#8"},
				"down": {"uv": [7.0625, 3.03125, 16, 8.21875], "texture": "#8"}
			}
		},
		{
			"from": [10.0625, 12.675, 3.5625],
			"to": [10.15, 12.875, 4.0625],
			"rotation": {"angle": 0, "axis": "y", "origin": [0, 0, 0.125]},
			"faces": {
				"north": {"uv": [7.0625, 3.03125, 16, 8.21875], "texture": "#8"},
				"east": {"uv": [7.0625, 3.03125, 16, 8.21875], "texture": "#8"},
				"south": {"uv": [7.0625, 3.03125, 16, 8.21875], "texture": "#8"},
				"west": {"uv": [7.0625, 3.03125, 16, 8.21875], "texture": "#8"},
				"up": {"uv": [7.0625, 3.03125, 16, 8.21875], "texture": "#8"},
				"down": {"uv": [7.0625, 3.03125, 16, 8.21875], "texture": "#8"}
			}
		}
	],
	"display": {
		"thirdperson_righthand": {
			"rotation": [90, -90, 90],
			"translation": [-5, -5.25, -7.5],
			"scale": [1.4, 1.4, 1.4]
		},
		"thirdperson_lefthand": {
			"rotation": [90.97, 25.3, -88.45],
			"translation": [-15.5, -11.75, 1],
			"scale": [1.4, 1.4, 1.4]
		},
		"firstperson_righthand": {
			"rotation": [0, -95, 0],
			"translation": [-6.17, 1.13, 0.94],
			"scale": [0.85, 1.07, 0.82]
		},
		"firstperson_lefthand": {
			"rotation": [0, 89.25, -1.5],
			"translation": [-6, 2.25, 4.5],
			"scale": [0.85, 1.07, 0.82]
		},
		"ground": {
			"rotation": [0, -7, -41],
			"translation": [-1.89, -3.02, 2.27]
		},
		"gui": {
			"rotation": [-27, 133, 3],
			"translation": [3.4, -3.21, 0]
		},
		"head": {
			"rotation": [-7, 6, -51],
			"translation": [-8.13, -14.36, 12.85],
			"scale": [2, 2, 2]
		},
		"fixed": {
			"rotation": [0, 0, -34],
			"translation": [-3.4, -0.9, 2.8]
		}
	},
	"groups": [
		{
			"name": "group",
			"origin": [0, 0, 0],
			"color": 0,
			"children": [0, 1, 2, 3, 4]
		},
		{
			"name": "group",
			"origin": [0, 0, 0],
			"color": 0,
			"children": [
				5,
				6,
				7,
				8,
				9,
				10,
				11,
				12,
				13,
				14,
				15,
				16,
				17,
				18,
				19,
				20,
				21,
				22,
				23,
				24,
				25,
				26,
				27,
				28,
				29,
				30,
				31,
				32,
				33,
				34,
				35,
				36,
				37,
				38,
				39,
				40,
				41,
				42,
				43,
				44,
				45,
				46,
				47,
				48,
				49,
				50,
				51,
				52,
				53,
				54,
				55,
				56,
				57,
				58,
				59
			]
		},
		{
			"name": "group",
			"origin": [10.6875, 12, 3.75],
			"color": 0,
			"children": [60, 61, 62]
		},
		{
			"name": "group",
			"origin": [0, -0.125, 0],
			"color": 0,
			"children": [63, 64, 65, 66, 67, 68, 69, 70, 71, 72, 73]
		},
		{
			"name": "group",
			"origin": [0, 0, 0],
			"color": 0,
			"children": [74, 75]
		}
	]
}